{
    "accuracy": 0.7209418837675351,
    "precision": 0.7541371158392435,
    "recall": 0.646403242147923,
    "f1_score": 0.696126568466994
}