{
    "accuracy": 0.7215,
    "precision": 0.7552941176470588,
    "recall": 0.6478304742684158,
    "f1_score": 0.6974470396523629
}